{"0":[{"endpoint":1.0,"move":{"x":-0.5593,"y":0.1545,"z":0.4}}],"2":[{"endpoint":1.0,"move":{"x":0.699999988079071,"y":-0.6000000238418579,"z":0.5},"rotate":{"x":30.0,"y":45.0,"z":0.0}}],"3":[{"endpoint":1.0,"move":{"x":0.2800000011920929,"y":-0.07000000029802322,"z":0.20000000298023224},"rotate":{"x":4.0,"y":12.0,"z":0.0}}]}