{"0":[{"endpoint":1.0,"move":{"x":-0.5566,"y":0.192,"z":0.67}}],"2":[{"endpoint":1.0,"move":{"x":0.20000000298023224,"y":-0.3499999940395355,"z":0.0},"rotate":{"x":15.0,"y":15.0,"z":0.0}}],"3":[{"endpoint":1.0,"move":{"x":0.4000000059604645,"y":0.0,"z":0.0},"rotate":{"x":0.0,"y":15.0,"z":0.0}}]}