{"0":[{"endpoint":0.0021505377,"move":{"x":0.0,"y":0.30000001192092896,"z":0.0},"rotate":{"x":-90.0,"y":0.0,"z":0.0}},{"endpoint":0.73333335,"move":{"x":0.0,"y":-1.0,"z":0.0},"rotate":{"x":130.0,"y":0.0,"z":0.0}},{"endpoint":1.0,"move":{"x":0.0,"y":0.699999988079071,"z":0.0},"rotate":{"x":-40.0,"y":0.0,"z":0.0}}]}