{"0":[{"endpoint":1.0,"move":{"x":-0.5699999928474426,"y":0.2150000035762787,"z":0.0}}],"2":[{"endpoint":1.0,"move":{"x":0.3499999940395355,"y":-0.30000001192092896,"z":0.20000000298023224},"rotate":{"x":15.0,"y":20.0,"z":0.0}}],"3":[{"endpoint":1.0,"move":{"x":0.0,"y":-0.25999999046325684,"z":0.10000000149011612},"rotate":{"x":15.0,"y":0.0,"z":0.0}}]}