{"0":[{"endpoint":1.0,"move":{"x":-0.58,"y":0.15,"z":0.15}}],"2":[{"endpoint":1.0,"move":{"x":0.30000001192092896,"y":-0.3199999928474426,"z":0.30000001192092896},"rotate":{"x":15.0,"y":15.0,"z":0.0}}],"3":[{"endpoint":1.0,"move":{"x":0.029999999329447746,"y":-0.18000000715255737,"z":0.10000000149011612},"rotate":{"x":10.0,"y":0.0,"z":0.0}}]}