{"0":[{"endpoint":1.0,"move":{"x":-0.5596,"y":0.206,"z":0.2}}],"2":[{"endpoint":1.0,"move":{"x":0.5,"y":-0.4000000059604645,"z":0.8399999737739563},"rotate":{"x":30.0,"y":45.0,"z":0.0}}],"3":[{"endpoint":1.0,"move":{"x":0.30000001192092896,"y":-0.07000000029802322,"z":0.20000000298023224},"rotate":{"x":4.0,"y":12.0,"z":0.0}}]}