{"0":[{"endpoint":1.0,"move":{"x":-0.5593,"y":0.1445,"z":0.65}}],"2":[{"endpoint":1.0,"move":{"x":0.699999988079071,"y":-0.5,"z":0.4000000059604645},"rotate":{"x":30.0,"y":45.0,"z":0.0}}],"3":[{"endpoint":1.0,"move":{"x":0.2800000011920929,"y":0.0,"z":0.4000000059604645},"rotate":{"x":4.0,"y":12.0,"z":0.0}}]}