{"0":[{"endpoint":1.0,"move":{"x":-0.5596,"y":0.1637,"z":1.0}}],"2":[{"endpoint":1.0,"move":{"x":0.10000000149011612,"y":-0.10000000149011612,"z":-0.5},"rotate":{"x":0.0,"y":15.0,"z":0.0}}],"3":[{"endpoint":1.0,"move":{"x":0.3499999940395355,"y":0.0,"z":0.15000000596046448},"rotate":{"x":0.0,"y":10.0,"z":0.0}}]}