{"0":[{"endpoint":1.0,"move":{"x":-0.5597000122070312,"y":0.2029999941587448,"z":0.8299999833106995}}],"2":[{"endpoint":1.0,"move":{"x":0.10000000149011612,"y":-0.10000000149011612,"z":-0.5},"rotate":{"x":0.0,"y":15.0,"z":0.0}}],"3":[{"endpoint":1.0,"move":{"x":0.3499999940395355,"y":0.0,"z":0.15000000596046448},"rotate":{"x":0.0,"y":10.0,"z":0.0}}]}