{"0":[{"endpoint":1.0,"move":{"x":-0.578000009059906,"y":0.25999999046325684,"z":0.30000001192092896}}],"3":[{"endpoint":1.0,"move":{"x":0.4,"y":0.0,"z":0.0},"rotate":{"x":0.0,"y":15.0,"z":0.0}}]}