{"0":[{"endpoint":1.0,"move":{"x":-0.55,"y":0.19,"z":0.2},"rotate":{"x":1.0,"y":0.0,"z":0.0}}],"2":[{"endpoint":1.0,"move":{"x":0.6000000238418579,"y":-0.6000000238418579,"z":0.4000000059604645},"rotate":{"x":30.0,"y":45.0,"z":0.0}}],"3":[{"endpoint":1.0,"move":{"x":0.35,"y":-0.07,"z":0.45},"rotate":{"x":4.0,"y":12.0,"z":0.0}}]}