{"0":[{"endpoint":1.0,"move":{"x":-0.5585,"y":0.2235,"z":0.15}}],"2":[{"endpoint":1.0,"move":{"x":0.1599999964237213,"y":-0.18000000715255737,"z":0.18000000715255737},"rotate":{"x":10.0,"y":10.0,"z":0.0}}],"3":[{"endpoint":1.0,"move":{"x":0.0,"y":-0.1599999964237213,"z":0.10000000149011612},"rotate":{"x":10.0,"y":0.0,"z":0.0}}]}