{"0":[{"endpoint":1.0,"move":{"x":-0.552,"y":0.251,"z":0.3}}],"2":[{"endpoint":1.0,"move":{"x":0.28999999165534973,"y":-0.23000000417232513,"z":0.27000001072883606},"rotate":{"x":10.0,"y":15.0,"z":0.0}}],"3":[{"endpoint":1.0,"move":{"x":0.0,"y":-0.2199999988079071,"z":0.20000000298023224},"rotate":{"x":10.0,"y":0.0,"z":0.0}}]}