{"0":[{"endpoint":1.0,"move":{"x":-0.5625,"y":0.07,"z":0.6}}],"2":[{"endpoint":1.0,"move":{"x":0.6000000238418579,"y":-0.6000000238418579,"z":0.4000000059604645},"rotate":{"x":30.0,"y":45.0,"z":0.0}}],"3":[{"endpoint":1.0,"move":{"x":0.4000000059604645,"y":-0.07000000029802322,"z":0.20000000298023224},"rotate":{"x":4.0,"y":12.0,"z":0.0}}]}